<application>
  <component name="FileTypeManager" version="17">
    <extensionMap>
      <mapping pattern="*.js.flow" type="Flow" />
      <mapping pattern="*.js.flow" type="Flow" />
      <mapping pattern=".env" type="PLAIN_TEXT" />
      <mapping pattern="bug-appErasesCustomerAccountInfo" type="PLAIN_TEXT" />
      <mapping pattern="add_constaints_on_access_request_permission.xml" type="PLAIN_TEXT" />
      <mapping pattern="public_der" type="PLAIN_TEXT" />
      <mapping pattern="social_providers" type="PLAIN_TEXT" />
      <mapping pattern="Tier" type="PLAIN_TEXT" />
      <mapping ext="lock" type="PLAIN_TEXT" />
      <mapping ext="mkv" type="PLAIN_TEXT" />
      <mapping ext="lck" type="PLAIN_TEXT" />
      <mapping ext="emf" type="PLAIN_TEXT" />
      <mapping ext="pem" type="PLAIN_TEXT" />
      <mapping pattern="add_column_sub_cache_table" type="XML" />
      <mapping pattern="drop_usergroup_parent" type="XML" />
    </extensionMap>
  </component>
</application>