<application>
  <component name="GitRememberedInputs">
    <option name="visitedUrls">
      <list>
        <UrlAndUserName>
          <option name="url" value="http://github.com" />
          <option name="userName" value="ossystemmichaels" />
        </UrlAndUserName>
        <UrlAndUserName>
          <option name="url" value="http://bitbucket.org" />
          <option name="userName" value="pavel_dvpr" />
        </UrlAndUserName>
        <UrlAndUserName>
          <option name="url" value="https://pavel_dvpr@bitbucket.org/trackin/backend.git" />
          <option name="userName" value="" />
        </UrlAndUserName>
        <UrlAndUserName>
          <option name="url" value="https://github.com/linkfacts/linkfactsUi.git" />
          <option name="userName" value="" />
        </UrlAndUserName>
        <UrlAndUserName>
          <option name="url" value="https://github.com/linkfacts/linkfactsOrg.git" />
          <option name="userName" value="" />
        </UrlAndUserName>
        <UrlAndUserName>
          <option name="url" value="https://github.com/linkfacts/linkfactsUaa.git" />
          <option name="userName" value="" />
        </UrlAndUserName>
        <UrlAndUserName>
          <option name="url" value="http://gitlab.com" />
          <option name="userName" value="AleksandrKovshariov" />
        </UrlAndUserName>
      </list>
    </option>
    <option name="cloneParentDir" value="$USER_HOME$/IdeaProjects" />
  </component>
  <component name="Vcs.Log.App.Settings">
    <option name="COLUMN_ID_ORDER">
      <list>
        <option value="Default.Root" />
        <option value="Default.Author" />
        <option value="Default.Subject" />
        <option value="Default.Date" />
      </list>
    </option>
  </component>
</application>