<code_scheme name="Default copy1" version="173">
  <option name="RIGHT_MARGIN" value="140" />
  <ScalaCodeStyleSettings>
    <option name="ALIGN_IN_COLUMNS_CASE_BRANCH" value="true" />
    <option name="INDENT_FIRST_PARAMETER_CLAUSE" value="true" />
  </ScalaCodeStyleSettings>
  <codeStyleSettings language="Scala">
    <option name="METHOD_PARAMETERS_WRAP" value="1" />
    <option name="METHOD_PARAMETERS_LPAREN_ON_NEXT_LINE" value="true" />
    <option name="METHOD_CALL_CHAIN_WRAP" value="1" />
  </codeStyleSettings>
</code_scheme>